{
  "color": {
    "precision": 1.0,
    "recall": 1.0,
    "f1-score": 1.0,
    "support": 386,
    "confused_with": {}
  },
  "clothes": {
    "precision": 0.9895522388059701,
    "recall": 0.9880774962742176,
    "f1-score": 0.9888143176733781,
    "support": 671,
    "confused_with": {}
  },
  "gender": {
    "precision": 1.0,
    "recall": 1.0,
    "f1-score": 1.0,
    "support": 103,
    "confused_with": {}
  },
  "size": {
    "precision": 1.0,
    "recall": 1.0,
    "f1-score": 1.0,
    "support": 110,
    "confused_with": {}
  },
  "age": {
    "precision": 1.0,
    "recall": 1.0,
    "f1-score": 1.0,
    "support": 1,
    "confused_with": {}
  },
  "micro avg": {
    "precision": 0.9944881889763779,
    "recall": 0.993705743509048,
    "f1-score": 0.9940968122786304,
    "support": 1271
  },
  "macro avg": {
    "precision": 0.9979104477611941,
    "recall": 0.9976154992548436,
    "f1-score": 0.9977628635346756,
    "support": 1271
  },
  "weighted avg": {
    "precision": 0.9944843054593281,
    "recall": 0.993705743509048,
    "f1-score": 0.9940947341926331,
    "support": 1271
  },
  "accuracy": 0.9998875309289945
}