{
  "clothes": {
    "precision": 0.3002729754322111,
    "recall": 0.497737556561086,
    "f1-score": 0.3745743473325766,
    "support": 663,
    "confused_with": {}
  },
  "gender": {
    "precision": 0.42727272727272725,
    "recall": 0.8245614035087719,
    "f1-score": 0.5628742514970061,
    "support": 57,
    "confused_with": {
      "age": 8
    }
  },
  "color": {
    "precision": 0.9799196787148594,
    "recall": 1.0,
    "f1-score": 0.9898580121703854,
    "support": 244,
    "confused_with": {}
  },
  "age": {
    "precision": 0.29381443298969073,
    "recall": 1.0,
    "f1-score": 0.4541832669322709,
    "support": 57,
    "confused_with": {}
  },
  "size": {
    "precision": 0.0,
    "recall": 0.0,
    "f1-score": 0.0,
    "support": 69,
    "confused_with": {
      "clothes": 16
    }
  },
  "micro avg": {
    "precision": 0.39905826957033547,
    "recall": 0.6220183486238532,
    "f1-score": 0.4861957690928648,
    "support": 1090
  },
  "macro avg": {
    "precision": 0.4002559628818977,
    "recall": 0.6644597920139715,
    "f1-score": 0.4762979755864478,
    "support": 1090
  },
  "weighted avg": {
    "precision": 0.4397094976632472,
    "recall": 0.6220183486238532,
    "f1-score": 0.5026058952307716,
    "support": 1090
  },
  "accuracy": 0.989590105798215
}